station_abbr;reference_timestamp;tre200d0;tre200dx;tre200dn;tre005d0;tre005dx;tre005dn;ure200d0;pva200d0;prestad0;pp0qffd0;ppz850d0;ppz700d0;pp0qnhd0;fkl010d0;fkl010d1;fu3010d0;fu3010d1;fkl010d3;fu3010d3;wcc006d0;rre150d0;rka150d0;htoautd0;gre000d0;oli000d0;olo000d0;osr000d0;ods000d0;sre000d0;sremaxdv;erefaod0;xcd000d0;dkl010d0;xno000d0;xno012d0;rreetsd0
KLO;01.01.2025 00:00;0.6;6.5;-3.2;-0.6;9.2;-4.7;84.3;5.3;975;1028;;;1025.8;3;8.8;10.8;31.7;8.4;30.2;;0;0;0;81;249;;;30;365;78;0.4;0;143;19.4;11.4;-0.2
KLO;02.01.2025 00:00;5.4;9.7;0.4;3.8;8.8;-2.3;70.5;6.2;965.8;1017.3;;;1016.2;5.9;26;21.2;93.6;24.6;88.6;;18.1;18.1;0;30;308;;;24;32;7;1.3;0;243;14.6;6.6;18
KLO;03.01.2025 00:00;-0.3;2;-4.5;-1.8;3.6;-8.4;84.2;5;971.3;1024.3;;;1022;1.9;7.3;6.8;26.3;7;25.2;;0;0;0;56;260;;;28;181;39;0.2;0;266;20.3;12.3;-0.1
KLO;04.01.2025 00:00;-3.6;0;-7.1;-4;-0.1;-10.3;93.2;4.4;968.7;1022.2;;;1019.3;1.3;5.4;4.7;19.4;5.4;19.4;;29.4;14.7;0;42;272;;;40;0;0;0.2;0;90;23.6;15.6;14.7
KLO;05.01.2025 00:00;3.8;6.3;0;2.3;6.5;-1;92.8;7.5;956.1;1007.5;;;1006.2;3.8;9.3;13.7;33.5;9.1;32.8;;3.6;18.3;1;30;313;;;28;21;5;0.2;0;151;16.2;8.2;18.3
KLO;06.01.2025 00:00;6.3;11.5;0;4.8;10.8;-2;80.8;7.6;951;1001.6;;;1000.8;3.6;15.5;13;55.8;14.7;52.9;;12.5;12.5;0;28;319;;;24;16;3;0.8;0;216;13.7;5.7;12.5
KLO;07.01.2025 00:00;5.1;7.8;1.7;3.2;8.2;-0.9;76.8;6.7;957.7;1008.9;;;1007.9;4.4;22.2;15.8;79.9;21.6;77.8;;2.4;1;0;51;286;;;28;178;38;0.8;0;228;14.9;6.9;0.9
KLO;08.01.2025 00:00;7.3;11.8;2.9;6;9.7;1.4;84.6;8.7;955.7;1006.4;;;1005.7;4.6;16;16.6;57.6;15.2;54.7;;7.5;8.4;0;17;332;;;16;2;0;0.9;0;199;12.7;4.7;8.4
KLO;09.01.2025 00:00;7.2;12.1;1.3;5.5;12.9;0.2;80.5;8.2;956.6;1007.4;;;1006.7;5.4;23.2;19.4;83.5;20.6;74.2;;5.1;5.6;0;45;309;;;33;93;20;0.9;0;235;12.8;4.8;5.5
KLO;10.01.2025 00:00;1.1;3.1;-2.8;0.1;4.3;-5.3;76.7;5.1;968.9;1021.5;;;1019.5;2;7.5;7.2;27;7.3;26.3;;0;0;0;41;277;;;32;47;10;0.4;0;276;18.9;10.9;-0.1
KLO;11.01.2025 00:00;-1.8;2.3;-5.5;-3.7;4.4;-9;81.2;4.3;973.5;1027;;;1024.3;2.3;8.2;8.3;29.5;7.9;28.4;;0;0;0;79;225;;;23;439;94;0.3;0;9;21.8;13.8;-0.2
KLO;12.01.2025 00:00;-2.3;1.9;-6.7;-3.9;4.2;-9.8;77.1;3.9;983.6;1037.7;;;1034.8;2.2;7.5;7.9;27;7.4;26.6;;0;0;0;66;241;;;32;242;51;0.4;0;14;22.3;14.3;-0.1
KLO;13.01.2025 00:00;-3.2;-0.7;-6.3;-4.6;0.6;-9.6;75.5;3.6;985.5;1040;;;1036.8;3.6;11.9;13;42.8;11.6;41.8;;0;0;0;66;228;;;31;262;56;0.4;0;28;23.2;15.2;-0.2
KLO;14.01.2025 00:00;-3.4;0.5;-7.5;-5.1;3.2;-11.1;79.6;3.8;982.6;1036.8;;;1033.7;1.8;7;6.5;25.2;6.8;24.5;;0;0;0;76;227;;;21;366;78;0.2;0;38;23.4;15.4;-0.2
KLO;15.01.2025 00:00;-1;2.1;-8.3;-1.3;4.1;-11.2;89;5.1;980.1;1033.8;;;1031.2;2.3;11.9;8.3;42.8;11.4;41;;0;0;0;41;296;;;37;16;3;0.1;0;39;21;13;0
KLO;16.01.2025 00:00;2.3;3.7;1.2;1.7;4.4;0.1;77;5.5;981.8;1034.9;;;1032.9;4.2;11.4;15.1;41;11;39.6;;0;0;0;29;307;;;27;1;0;0.8;0;49;17.7;9.7;0
KLO;17.01.2025 00:00;0.7;1.6;-0.2;0.4;2.2;-0.6;80.8;5.2;982.8;1036.2;;;1034;3.1;8.3;11.2;29.9;8.1;29.2;;0;0;0;22;307;;;21;0;0;0.6;0;52;19.3;11.3;0
KLO;18.01.2025 00:00;-0.5;0.6;-1.5;-0.6;2.4;-2.1;83.1;4.9;977.8;1031.2;;;1028.8;2.8;6.9;10.1;24.8;6.7;24.1;;0;0;0;38;295;;;35;26;5;0.4;0;51;20.5;12.5;0
KLO;19.01.2025 00:00;-1.3;0.2;-4.4;-1.9;1.8;-8.1;89.9;5;970.9;1024.1;;;1021.6;1.3;4.1;4.7;14.8;3.9;14;;0;0;0;27;288;;;25;0;0;0.3;0;76;21.3;13.3;0
KLO;20.01.2025 00:00;-2.4;-0.5;-4.6;-2.2;0.7;-7.8;97.9;5;968.9;1022.2;;;1019.4;1.1;3.5;4;12.6;3.2;11.5;;0;0;0;37;294;;;36;0;0;0.2;0;326;22.4;14.4;0
KLO;21.01.2025 00:00;-1.8;-0.5;-3.3;-1.5;0.4;-3.3;97.9;5.2;967;1020.1;;;1017.5;1;4.1;3.6;14.8;3.9;14;;0;0;0;29;303;;;28;0;0;0.2;0;297;21.8;13.8;0
KLO;22.01.2025 00:00;-0.6;1.5;-2.1;-0.8;1.9;-2.9;96.1;5.6;960.5;1013;;;1010.8;1.2;4.2;4.3;15.1;4.2;15.1;;0.6;0.4;0;20;304;;;19;0;0;0.3;0;323;20.6;12.6;0.4
KLO;23.01.2025 00:00;3.3;7.1;-0.7;2.1;9.9;-3.8;87.8;6.8;961.4;1013.2;;;1011.7;2.5;13;9;46.8;12.5;45;;2.6;2.8;0;45;305;;;32;59;12;0.5;0;225;16.7;8.7;2.8
KLO;24.01.2025 00:00;5.4;10.6;0.1;3.8;12.7;-2.8;72.6;6.3;963.8;1015.3;;;1014.2;2.4;8.6;8.6;31;8.4;30.2;;0;0;0;68;291;;;42;190;40;0.8;0;177;14.6;6.6;-0.1
KLO;25.01.2025 00:00;7.5;16;0.8;;;;71.1;7.1;960.1;1011;;;1010.3;2.1;9;7.6;32.4;8.6;31;;1;0;0;64;304;;;33;185;38;1.1;0;188;12.5;4.5;-0.1
KLO;26.01.2025 00:00;7.1;10.5;4.9;;;;67.5;6.7;960.7;1011.7;;;1010.9;3.7;18.1;13.3;65.2;17.3;62.3;;3;1.1;0;97;297;;;19;376;77;1.2;0;225;12.9;4.9;0.9
KLO;27.01.2025 00:00;6.4;9.1;4.4;;;;90.5;8.7;953.8;1004.5;;;1003.7;2.8;15;10.1;54;14.3;51.5;;38.1;34.6;0;21;336;;;17;16;3;0.6;0;176;13.6;5.6;34.6
KLO;28.01.2025 00:00;5.8;8;4.6;;;;84.6;7.8;952.2;1003;;;1002.1;3.6;12.6;13;45.4;12.4;44.6;;0.5;6.8;0;38;314;;;33;45;9;0.8;0;211;14.2;6.2;6.8
KLO;29.01.2025 00:00;5.5;9.7;-1.5;;;;74.3;6.6;960.5;1011.7;;;1010.7;4.6;16.3;16.6;58.7;15.2;54.7;;0;0.1;0;86;279;;;30;309;62;0.9;0;230;14.5;6.5;-0.1
KLO;30.01.2025 00:00;3.1;7.7;-2.9;2;12.2;-5.1;87.4;6.7;966.5;1018.6;;;1017;1.3;5.4;4.7;19.4;5.2;18.7;;0.3;0.1;0;53;296;;;44;30;6;0.4;0;248;16.9;8.9;0.1
KLO;31.01.2025 00:00;4;5.7;2.8;3.4;5.9;2.1;86.2;7;975.7;1028.1;;;1026.6;2.6;6.5;9.4;23.4;6.4;23;;0.6;0.8;0;27;323;;;26;0;0;0.6;0;21;16;8;0.8
KLO;01.02.2025 00:00;1.6;2.7;0.9;1.5;3.1;0.7;82.7;5.7;975.4;1028.3;;;1026.3;3.3;8.5;11.9;30.6;8.2;29.5;;0;0;0;20;313;;;19;0;0;0.6;0;9;18.4;10.4;0
KLO;02.02.2025 00:00;1.7;2.8;0.8;1.7;4;0.6;85.9;5.9;972.6;1025.3;;;1023.4;2;6.2;7.2;22.3;6;21.6;;0;0;0;20;315;;;19;0;0;0.5;0;25;18.3;10.3;0
KLO;03.02.2025 00:00;1.3;1.9;0.5;1.5;4.1;0.6;87.4;5.9;975.8;1028.8;;;1026.7;2.1;5.7;7.6;20.5;5.6;20.2;;0;0;0;28;313;;;27;0;0;0.4;0;7;18.7;10.7;0
KLO;04.02.2025 00:00;0.6;4.3;-4.5;0.3;10.4;-8.7;83.8;5.3;978.5;1031.8;;;1029.5;1.3;3.5;4.7;12.6;3.4;12.2;;0;0;0;81;268;;;36;272;52;0.4;0;297;19.4;11.4;-0.1
KLO;05.02.2025 00:00;-1.7;0.9;-5.8;-1.7;4;-9.3;96.7;5.2;985.1;1039.2;;;1036.4;1.3;4.1;4.7;14.8;3.9;14;;0;0;0;43;289;;;40;26;5;0.3;0;360;21.7;13.7;0
KLO;06.02.2025 00:00;1.1;2.2;-0.6;0.7;2.2;-0.8;90.4;6;982;1035.4;;;1033.2;2.5;9;9;32.4;9;32.4;;0;0;0;12;312;;;11;0;0;0.4;0;57;18.9;10.9;0
KLO;07.02.2025 00:00;1.5;5.2;-3.4;0.7;9.7;-6.6;78.4;5.3;972.3;1025;;;1023;2.6;8.4;9.4;30.2;8.3;29.9;;0;0;0;95;264;;;54;231;42;0.6;0;39;18.5;10.5;-0.1
KLO;08.02.2025 00:00;1;8.5;-5.1;0.5;14.4;-8;82.4;5.3;970.5;1023.2;;;1021.2;1.5;4.8;5.4;17.3;4.7;16.9;;0;0;0;108;257;;;35;415;75;0.7;0;346;19;11;-0.2
KLO;09.02.2025 00:00;3.6;8.5;-1.3;3.2;14.9;-5;82.5;6.5;974.9;1027.4;;;1025.8;1.2;5.4;4.3;19.4;4.9;17.6;;0;0;0;87;287;;;38;289;52;0.6;0;233;16.4;8.4;-0.2
KLO;10.02.2025 00:00;2.7;6.3;-2.1;2.2;9.9;-4.6;91.6;6.8;972.1;1024.6;;;1022.8;1.6;4.9;5.8;17.6;4.9;17.6;;5.9;5.2;0;46;307;;;43;0;0;0.4;0;329;17.3;9.3;5.2
KLO;11.02.2025 00:00;5.8;7.1;3.8;5.3;7.8;3.1;96.2;8.9;969.7;1021.4;;;1020.3;1.4;5.1;5;18.4;5;18;;12.7;13.3;0;21;338;;;21;0;0;0.4;0;149;14.2;6.2;13.3
KLO;12.02.2025 00:00;7.6;10.3;4.2;6.8;12.3;3.6;90.5;9.4;967;1018.2;;;1017.5;1.6;5.4;5.8;19.4;5.3;19.1;;0.8;0.8;0;54;331;;;47;20;4;0.6;0;185;12.4;4.4;0.8
KLO;13.02.2025 00:00;5.4;8.3;1.9;4.5;7.5;1;86.9;7.9;966.1;1017.7;;;1016.5;2.7;11.3;9.7;40.7;10.7;38.5;;6.9;5.2;0;19;327;;;18;0;0;0.6;0;254;14.6;6.6;5.2
KLO;14.02.2025 00:00;-0.8;2.2;-3.9;-1.7;1.6;-8;82.1;4.8;971.4;1024.5;;;1022.1;3.2;10.3;11.5;37.1;9.6;34.6;;0;1.8;0;34;284;;;33;0;0;0.6;0;7;20.8;12.8;1.8
KLO;15.02.2025 00:00;-1.8;0.8;-4.2;-2;5.7;-8.5;79.2;4.2;969.7;1022.9;;;1020.3;2.3;6.7;8.3;24.1;6.6;23.8;;0;0;0;104;255;;;66;249;43;0.6;0;48;21.8;13.8;-0.2
KLO;16.02.2025 00:00;-0.4;2.1;-3.2;-0.5;4.7;-4.5;83.9;5;966;1018.8;;;1016.5;1.9;8.3;6.8;29.9;8;28.8;;0;0;0;66;284;;;63;10;2;0.5;0;22;20.4;12.4;-0.1
KLO;17.02.2025 00:00;0.4;1.4;-0.5;0.4;3;-0.9;78.4;4.9;969;1021.7;;;1019.6;3.1;7.2;11.2;25.9;7.1;25.6;;0;0;0;33;304;;;32;0;0;0.7;0;35;19.6;11.6;-0.1
KLO;18.02.2025 00:00;0.1;1.9;-2.3;-0.4;2.9;-4.9;75.5;4.7;971.1;1024;;;1021.8;3.5;8.7;12.6;31.3;8.5;30.6;;0;0;0;37;284;;;36;0;0;0.7;0;45;19.9;11.9;-0.1
KLO;19.02.2025 00:00;-0.3;4.9;-2.6;0;10.4;-5.1;79.8;4.8;973;1026.1;;;1023.8;1.8;5.2;6.5;18.7;5.1;18.4;;0;0;0;81;279;;;50;189;32;0.8;0;333;20.3;12.3;-0.2
KLO;20.02.2025 00:00;2.2;10.9;-3.7;1.3;15.9;-6.2;87.3;6.3;976;1028.8;;;1026.9;1.1;3.9;4;14;3.7;13.3;;0;0;0;64;289;;;33;178;30;0.8;0;153;17.8;9.8;-0.1
KLO;21.02.2025 00:00;4;13;-2.2;4.1;20.2;-3.8;87.3;7;973.2;1025.5;;;1024;0.9;3.5;3.2;12.6;2.9;10.4;;0;0;0;124;288;;;52;322;54;0.9;0;301;16;8;-0.2
KLO;22.02.2025 00:00;6.7;15.9;0.4;5.3;19.2;-3.3;80.4;7.6;971.1;1022.8;;;1021.8;1.5;10;5.4;36;9.6;34.6;;0;0;0;106;296;;;71;172;29;1.2;0;188;13.3;5.3;-0.2
KLO;23.02.2025 00:00;7.7;10.5;3.3;7.1;13.2;1.6;89.7;9.4;978.7;1030.6;;;1029.7;1.2;3.8;4.3;13.7;3.6;13;;1.4;1.4;0;41;338;;;40;0;0;0.6;0;90;12.3;4.3;1.4
KLO;24.02.2025 00:00;7.9;11.5;5.7;7.4;14.5;2.4;86.6;9.2;974.2;1025.8;;;1025.1;1.8;4.6;6.5;16.6;4.5;16.2;;0;0;0;68;323;;;63;7;1;0.9;0;153;12.1;4.1;-0.1
KLO;25.02.2025 00:00;7.6;9.9;5.1;6.8;11.6;1.5;84.6;8.8;965.1;1016.2;;;1015.5;2.9;18;10.4;64.8;17.7;63.7;;1.1;0.6;0;46;315;;;44;8;1;0.9;0;238;12.4;4.4;0.5
KLO;26.02.2025 00:00;4.4;7.4;-0.9;2.7;6.2;-5.4;82.3;6.9;969.1;1021.1;;;1019.7;4.4;19.6;15.8;70.6;18.5;66.6;;1;1.3;0;30;302;;;29;0;0;0.7;0;230;15.6;7.6;1.2
KLO;27.02.2025 00:00;3.1;7;-1.1;1.7;9.1;-5.1;87.2;6.7;969.4;1021.6;;;1020;2.7;7.2;9.7;25.9;7;25.2;;1.6;1.8;0;59;292;;;49;62;10;0.7;0;163;16.9;8.9;1.7
KLO;28.02.2025 00:00;2.8;6.4;-4.2;1.5;9.8;-7.1;76.9;5.6;972.1;1024.5;;;1022.8;2;6.9;7.2;24.8;6.5;23.4;;0;0;0;77;285;;;69;12;2;0.8;0;339;17.2;9.2;-0.1
KLO;01.03.2025 00:00;3.4;5;0.8;2.9;5.9;-1.1;72.7;5.6;975.1;1027.6;;;1025.9;4.8;13.1;17.3;47.2;12.7;45.7;;0;0;0;45;300;;;44;0;0;1.1;0;39;16.6;8.6;-0.1
KLO;02.03.2025 00:00;3.6;9.2;-1.5;3.1;14.8;-6.5;71.7;5.6;977.9;1030.5;;;1028.9;3.3;10;11.9;36;9.7;34.9;;0;0;0;109;279;;;46;294;47;1.4;0;55;16.4;8.4;-0.5
KLO;03.03.2025 00:00;2.7;11.1;-4.4;2.2;18;-9;76.5;5.5;976.5;1029.2;;;1027.4;1.3;4.2;4.7;15.1;4.1;14.8;;0;0;0;178;243;;;29;619;99;1.3;0;333;17.3;9.3;-0.8
KLO;04.03.2025 00:00;3.9;13.9;-3.5;3;21.3;-8.4;73.1;5.6;974.7;1027.1;;;1025.6;1.1;5.5;4;19.8;5.3;19.1;;0;0;0;180;249;;;29;616;98;1.4;0;34;16.1;8.1;-0.9
KLO;05.03.2025 00:00;5.1;15.4;-4;4.3;22.7;-8.2;69;5.6;974.2;1026.4;;;1025.1;0.8;3.5;2.9;12.6;3.3;11.9;;0;0;0;183;254;;;26;627;99;1.4;0;90;14.9;6.9;-1.1
KLO;06.03.2025 00:00;6.4;16.7;-3.6;5.3;23.7;-7.5;67.1;5.9;971.3;1023;;;1022;0.8;3.7;2.9;13.3;3.6;13;;0;0;0;184;262;;;30;573;90;1.5;0;0;13.6;5.6;-1.1
KLO;07.03.2025 00:00;6.4;16.3;-3.2;5.6;24.1;-6.6;63;5.5;968;1019.5;;;1018.5;1.1;4.9;4;17.6;4.6;16.6;;0;0;0;187;261;;;30;626;98;1.7;0;333;13.6;5.6;-1.3
KLO;08.03.2025 00:00;6.8;17.3;-3.5;6;23.7;-7.2;60.8;5.3;962.1;1013.3;;;1012.4;1.5;6.6;5.4;23.8;6.4;23;;0;0;0;190;262;;;28;639;99;2;0;351;13.2;5.2;-1.5
KLO;09.03.2025 00:00;8.7;18.5;-1.2;7.5;25;-5.7;58.6;6;954;1004.3;;;1004;1.9;6.5;6.8;23.4;6.4;23;;0;0;0;169;282;;;48;447;69;2.2;0;18;11.3;3.3;-1.2
KLO;10.03.2025 00:00;7.5;13.6;0.8;6;20.9;-3.4;76.8;7.9;953;1003.5;;;1002.9;1.8;7.3;6.5;26.3;7;25.2;;0;0;0;83;301;;;58;164;25;1.2;0;275;12.5;4.5;-0.4
KLO;11.03.2025 00:00;7.3;15;-0.7;7.2;22.8;-3.9;76.3;7.5;952.4;1002.9;;;1002.3;1.1;5.9;4;21.2;5.7;20.5;;0;0;0;155;296;;;62;291;44;1.5;0;297;12.7;4.7;-0.6
KLO;12.03.2025 00:00;5.9;9.4;1.4;5;12.5;-2;88.8;8.2;947.9;998.5;;;997.6;1.8;6.7;6.5;24.1;6.5;23.4;;3.5;3.2;0;58;321;;;55;1;0;0.8;0;292;14.1;6.1;3.1
KLO;13.03.2025 00:00;5.4;9;2.7;5.3;10.9;1.1;81.9;7.3;947.2;997.8;;;996.9;2.4;10;8.6;36;9.7;34.9;;1.5;1.8;0;56;320;;;52;4;1;1;0;303;14.6;6.6;1.7
KLO;14.03.2025 00:00;4.3;7.5;0.6;4.8;13.6;-0.7;72;5.9;954.1;1005.3;;;1004.1;3.4;9.2;12.2;33.1;9;32.4;;0;0;0;120;301;;;98;45;7;1.4;0;37;15.7;7.7;-0.3
KLO;15.03.2025 00:00;5.1;6.9;3.6;4.9;7.5;3;76.7;6.7;957.7;1008.9;;;1007.8;5.6;13.5;20.2;48.6;13.2;47.5;;0;0;0;29;325;;;28;0;0;1.2;0;45;14.9;6.9;-0.2
KLO;16.03.2025 00:00;3.6;4.8;2.7;3.6;6.1;2.1;91.1;7.2;965;1016.9;;;1015.5;1.9;5.4;6.8;19.4;5.3;19.1;;4.1;4.1;0;35;324;;;34;0;0;0.6;0;353;16.4;8.4;4
KLO;17.03.2025 00:00;4.8;9.5;1.8;5.6;14.6;0.3;70.5;5.9;971.3;1023.3;;;1022;6;16.2;21.6;58.3;15.7;56.5;;0;0;0;181;274;;;59;393;58;2.2;0;50;15.2;7.2;-1
KLO;18.03.2025 00:00;3.7;10.1;-2.2;4.2;16.9;-6.7;60.2;4.7;973.6;1025.9;;;1024.4;3.3;12.7;11.9;45.7;12;43.2;;0;0;0;221;241;;;29;677;99;2.2;0;26;16.3;8.3;-2.1
KLO;19.03.2025 00:00;5.6;15.7;-4.4;5.5;24.1;-8.3;61.1;5.1;975.1;1027.2;;;1026;1;3.5;3.6;12.6;3.4;12.2;;0;0;0;224;254;;;27;684;99;2;0;0;14.4;6.4;-2.1
KLO;20.03.2025 00:00;8.3;18.9;-1.9;7.8;26.4;-4.7;63.9;6.4;973.3;1024.7;;;1024;1.3;4.2;4.7;15.1;4.1;14.8;;0;0;0;193;287;;;49;434;63;2.2;0;326;11.7;3.7;-1.4
KLO;21.03.2025 00:00;10;17.6;1.2;9.4;21.6;-2.2;64.1;7.4;964.1;1014.7;;;1014.5;2.2;10;7.9;36;9.6;34.6;;0;0;0;136;306;;;115;34;5;2.2;0;360;10;2;-0.4
KLO;22.03.2025 00:00;13.3;20.8;4.8;13.3;27.6;0.8;52.2;7.5;954.8;1004.3;;;1004.7;2.3;8.2;8.3;29.5;8;28.8;;0;0;0;207;309;;;66;574;82;3;0;132;0;0;-2.4
KLO;23.03.2025 00:00;10.4;14.3;6.1;10.2;21.4;2.7;73;9.1;956.2;1006.3;;;1006.2;1.9;7.2;6.8;25.9;6.9;24.8;;3.3;1.5;0;108;324;;;73;168;24;1.6;0;270;9.6;1.6;0.9
KLO;24.03.2025 00:00;10.7;15.9;6.4;11.3;22.4;4;75.9;9.6;963.2;1013.7;;;1013.6;2.1;9.8;7.6;35.3;9.4;33.8;;0.7;2.5;0;155;331;;;89;262;37;2;0;4;9.3;1.3;1.8
KLO;25.03.2025 00:00;9.5;14.9;6.4;9.2;23;2.1;86.2;10.2;968.4;1019.3;;;1019;1.7;7.1;6.1;25.6;6.9;24.8;;4.5;4.2;0;109;329;;;78;81;12;1.5;0;135;10.5;2.5;4
KLO;26.03.2025 00:00;9.1;12.9;6.9;9.2;18.1;5.2;86;9.9;969;1020.1;;;1019.6;1.6;6.7;5.8;24.1;6.5;23.4;;5.9;4.8;0;92;339;;;87;0;0;1.3;0;27;10.9;2.9;4.7
KLO;27.03.2025 00:00;7.9;11.2;3.2;7.9;19.3;-0.4;76;8;967.3;1018.5;;;1017.8;4.5;11;16.2;39.6;10.7;38.5;;0;1.4;0;123;320;;;86;88;12;1.6;0;45;12.1;4.1;1
KLO;28.03.2025 00:00;8.4;12.5;5.9;9.1;17.5;4.9;74.3;8.1;961.5;1012.3;;;1011.8;1.7;7.1;6.1;25.6;6.9;24.8;;3;0;0;108;329;;;92;41;6;1.6;0;22;11.6;3.6;-0.4
KLO;29.03.2025 00:00;8.7;11.2;6.6;8.1;14.1;4.8;83.9;9.4;964.6;1015.5;;;1015;2.6;8.8;9.4;31.7;8.7;31.3;;4;7;0;74;338;;;72;0;0;1.2;0;335;11.3;3.3;6.8
KLO;30.03.2025 00:00;9.6;15.1;2.7;10;19.1;-0.7;68;7.8;969.5;1020.5;;;1020.1;3.3;10.4;11.9;37.4;10;36;;0;0;0;197;308;;;101;368;51;2.5;0;260;10.4;2.4;-1.3
KLO;31.03.2025 00:00;8.1;12.3;4.8;8.2;20.2;0.7;60.7;6.4;972.2;1023.6;;;1022.9;3.3;10.3;11.9;37.1;9.4;33.8;;0;0;0;124;303;;;96;64;9;2.3;0;19;11.9;3.9;-0.6
KLO;01.04.2025 00:00;7.2;11.4;3.1;7.3;16.3;-1.1;62.7;6.3;968.3;1019.6;;;1018.8;8.9;23.1;32;83.2;22.9;82.4;;0;0;0;205;268;;;80;477;65;2.9;0;60;12.8;4.8;-2
KLO;02.04.2025 00:00;11;17.8;5.1;11.6;22.2;1.8;59.2;7.6;965.4;1015.9;;;1015.9;5.3;14.5;19.1;52.2;14;50.4;;0;0;0;250;278;;;38;715;97;3.8;0;52;9;1;-3
KLO;03.04.2025 00:00;11.2;19.8;2.2;11.9;26.3;-0.9;61.9;7.8;969.8;1020.5;;;1020.5;2.5;9.4;9;33.8;9.3;33.5;;0;0;0;254;283;;;39;724;98;3.3;0;25;8.8;0.8;-2.9
KLO;04.04.2025 00:00;12;21.1;1.9;12.2;27.5;-1.9;62.2;8.1;966.8;1017.1;;;1017.3;2.1;7.7;7.6;27.7;7.5;27;;0;0;0;259;287;;;30;733;99;3.3;0;36;8;0;-2.9
KLO;05.04.2025 00:00;13.4;20.9;2.6;14;28.4;-1.6;52.8;7.5;963.5;1013.5;;;1013.9;1.9;9.4;6.8;33.8;9.1;32.8;;0;0;0;265;294;;;36;706;95;3.4;0;24;0;0;-3.5
KLO;06.04.2025 00:00;8.1;12.3;1.3;8.9;18.1;-3.6;43.4;4.6;968;1019.2;;;1018.6;6;14.2;21.6;51.1;13.7;49.3;;0;0;0;275;253;;;32;742;99;3.7;0;44;11.9;3.9;-4.4
KLO;07.04.2025 00:00;6.7;14.3;-1.5;7.5;20;-7;42.8;4;971;1022.6;;;1021.7;3.7;11.8;13.3;42.5;11.4;41;;0;0;0;276;249;;;32;744;99;3.6;0;42;13.3;5.3;-4.5
KLO;08.04.2025 00:00;7.6;15.3;-1.5;8.1;22.4;-5.5;52.4;5.1;972.7;1024.2;;;1023.4;2.7;7.9;9.7;28.4;7.7;27.7;;0;0;0;272;261;;;49;738;97;3.2;0;22;12.4;4.4;-3.8
KLO;09.04.2025 00:00;9.6;17.3;-0.3;10.3;24.3;-4.2;54;6;970.9;1021.9;;;1021.5;2.8;8.8;10.1;31.7;8.5;30.6;;0;0;0;268;273;;;52;704;93;3.4;0;47;10.4;2.4;-3.6
KLO;10.04.2025 00:00;9.9;18;0.4;10.3;26.3;-4.3;56.2;6.3;973.6;1024.7;;;1024.4;1.4;7;5;25.2;6.8;24.5;;0;0;0;271;275;;;45;703;92;3;0;45;10.1;2.1;-3.5
KLO;11.04.2025 00:00;11.7;21.2;0.7;12.5;29;-4;55.7;6.9;969.6;1020.2;;;1020.2;1;4.8;3.6;17.3;4.6;16.6;;0;0;0;279;283;;;36;752;98;3.2;0;346;8.3;0.3;-3.8
KLO;12.04.2025 00:00;13.4;20.4;1.7;13.4;29.7;-0.6;53.9;7.9;961.5;1011.4;;;1011.8;1.7;6.4;6.1;23;6.2;22.3;;0;0;0;237;300;;;68;539;70;3.1;0;315;0;0;-3
KLO;13.04.2025 00:00;13.6;17.4;9.7;13.2;22.3;7.3;74;11.5;960.2;1009.9;;;1010.4;2.2;8.4;7.9;30.2;8.1;29.2;;1.2;0.5;0;110;353;;;98;24;3;2;0;225;0;0;0.1
KLO;14.04.2025 00:00;14.9;20;10;16.1;26.9;6.4;72.3;11.9;958;1007.4;;;1008.1;2.8;8.9;10.1;32;8.7;31.3;;0.1;0.8;0;230;337;;;95;443;57;3.3;0;37;0;0;-0.8
KLO;15.04.2025 00:00;13.5;19.8;7.3;13.5;28.5;3.5;77.1;11.7;952.5;1001.8;;;1002.4;1.9;9.1;6.8;32.8;8.8;31.7;;0;0;0;180;327;;;91;307;39;2.6;0;280;0;0;-1.1
KLO;16.04.2025 00:00;10.1;15.7;6.3;10;19.7;3.3;83.9;10.3;957.7;1007.9;;;1007.8;2.7;12.4;9.7;44.6;11.6;41.8;;3.4;2.5;0;111;333;;;90;140;18;1.9;0;270;9.9;1.9;2
KLO;17.04.2025 00:00;8.3;10.5;6.4;8.1;12;4.4;88;9.6;959.1;1009.7;;;1009.3;2.3;8;8.3;28.8;7.7;27.7;;0.3;1;0;59;341;;;58;0;0;1.1;0;276;11.7;3.7;0.8
KLO;18.04.2025 00:00;7;10.8;0.6;7;15.3;-2.6;80;7.9;963.9;1015.1;;;1014.3;1.8;6.6;6.5;23.8;6.5;23.4;;0;0.2;0;115;311;;;105;87;11;1.4;0;298;13;5;-0.3
KLO;19.04.2025 00:00;10.7;21.2;-0.7;11.3;27.4;-4.2;69.2;8.3;957.7;1007.9;;;1007.9;2.1;9.9;7.6;35.6;9.4;33.8;;0;0;0;285;291;;;68;659;84;3.6;0;29;9.3;1.3;-2.6
KLO;20.04.2025 00:00;9.1;14.8;3;8.4;21.5;-0.3;76.9;8.7;958.4;1008.9;;;1008.6;2.8;13.1;10.1;47.2;12.9;46.4;;0.1;0.1;0;167;297;;;87;344;44;2.2;0;270;10.9;2.9;-1.1
KLO;21.04.2025 00:00;10.4;17;4.2;10.5;21.9;-1.2;74.9;9.2;963.5;1014;;;1013.8;2.7;13.6;9.7;49;13.1;47.2;;0;0;0;203;315;;;119;317;40;2.7;0;235;9.6;1.6;-1.2
KLO;22.04.2025 00:00;12.3;18.7;3.2;13.9;29.2;0;66;8.9;967.7;1018.1;;;1018.2;1.7;6.8;6.1;24.5;5.6;20.2;;0;0;0;279;306;;;96;577;73;3.3;0;342;0;0;-2.6
KLO;23.04.2025 00:00;11.1;19.9;3.3;12;28.1;-0.3;77.9;10;965.2;1015.7;;;1015.6;2;16.4;7.2;59;15.3;55.1;;16.7;16.7;0;208;320;;;60;404;51;2.9;0;261;8.9;0.9;15.4
KLO;24.04.2025 00:00;10;13.5;8.4;10.2;18.2;7;81.7;10;967.3;1018;;;1017.8;2.4;14;8.6;50.4;13.5;48.6;;10.9;2.3;0;111;340;;;104;6;1;1.8;0;235;10;2;2
KLO;25.04.2025 00:00;10.1;13.6;8.5;10.8;21.3;6.5;87.1;10.7;967.4;1018.2;;;1017.9;1.8;8;6.5;28.8;7.6;27.4;;13.8;22.4;0;140;340;;;96;150;19;1.9;0;225;9.9;1.9;22
KLO;26.04.2025 00:00;11.5;16.1;7.5;11.7;22.6;3.5;77.2;10.4;966.9;1017.3;;;1017.4;3.6;11.1;13;40;10.8;38.9;;0;0;0;140;325;;;105;182;23;2.3;0;37;8.5;0.5;-0.8
KLO;27.04.2025 00:00;11.7;18;5.2;12.9;26.5;2;77.4;10.5;971.2;1021.8;;;1021.9;2.2;8.3;7.9;29.9;8.1;29.2;;0;0;0;231;313;;;145;346;43;2.9;0;18;8.3;0.3;-1.3
KLO;28.04.2025 00:00;14.6;22.5;4.9;15.6;28.5;1.2;70.2;11.1;973.1;1023.4;;;1023.9;2.4;8.1;8.6;29.2;7.7;27.7;;0;0;0;297;312;;;71;737;91;4;0;30;0;0;-3
KLO;29.04.2025 00:00;16.4;24.2;6.3;17.5;30.4;3.8;61.3;10.6;972.6;1022.5;;;1023.4;2.9;10.4;10.4;37.4;9.8;35.3;;0;0;0;306;314;;;42;803;99;4.6;0;62;0;0;-4.1
KLO;30.04.2025 00:00;16.1;24.6;5.8;17.3;31.6;3.4;61.4;10.2;971.2;1021;;;1021.8;1.9;8.8;6.8;31.7;8.6;31;;0;0;0;317;309;;;36;809;99;4.5;0;37;0;0;-4.2
KLO;01.05.2025 00:00;16.8;25.7;6.2;18.2;33.8;2.8;59.8;10.3;969.6;1019.3;;;1020.2;0.9;5.5;3.2;19.8;5.3;19.1;;0;0;0;318;313;;;36;812;99;4.2;0;18;0;0;-4.4
KLO;02.05.2025 00:00;18.5;27.4;7.1;19.5;34.3;3.7;59.7;11.7;967.5;1016.7;;;1018;1.4;5.7;5;20.5;5.6;20.2;;0.9;0;0;308;332;;;59;734;90;4.5;0.2;153;0;0;-4
KLO;03.05.2025 00:00;17.8;22.6;14;17.7;28.9;11.2;70.7;14.2;963.7;1012.8;;;1014.1;2.9;11.3;10.4;40.7;10.9;39.2;;1.9;2.4;0;192;360;;;105;281;34;3.5;0;209;0;0;1
KLO;04.05.2025 00:00;13.2;18.9;9.3;13.2;24.6;8.4;84.5;12.8;959.6;1009.4;;;1009.8;3.3;10.3;11.9;37.1;10.1;36.4;;18.8;11.5;0;101;360;;;73;90;11;2.1;0;6;0;0;11.1
KLO;05.05.2025 00:00;7.9;9.5;6.9;7.5;10;6;87.8;9.4;959.9;1010.7;;;1010.1;4.7;13.8;16.9;49.7;13.5;48.6;;7.4;14.8;0;81;343;;;79;0;0;1.3;0;29;12.1;4.1;14.6
KLO;06.05.2025 00:00;8.9;11.6;6.9;8.8;15.9;6.2;75.4;8.5;963.6;1014.4;;;1014;4.7;12.3;16.9;44.3;11.9;42.8;;1.2;1.5;0;84;340;;;81;0;0;1.9;0;41;11.1;3.1;1.1
KLO;07.05.2025 00:00;10.2;13.1;6.5;10.1;17.3;4.4;69;8.6;963.5;1014;;;1013.9;3.4;11.6;12.2;41.8;11.3;40.7;;0;0;0;103;335;;;99;4;0;2;0;46;9.8;1.8;-0.5
KLO;08.05.2025 00:00;11;15.6;5.2;11.6;20.8;3.1;70.6;9;962.9;1013.3;;;1013.2;3.7;11.3;13.3;40.7;11;39.6;;0;0;0;179;327;;;169;0;0;2.7;0;40;9;1;-0.4
KLO;09.05.2025 00:00;10.3;15.8;4.9;10.9;22.6;2;67.8;8.3;966.1;1016.8;;;1016.6;4.2;11.5;15.1;41.4;11.3;40.7;;0;0;0;230;301;;;152;307;37;3.3;0;50;9.7;1.7;-1.7
KLO;10.05.2025 00:00;12.4;20;3;14.5;28.9;-1.1;63.4;8.7;967.3;1017.6;;;1017.8;2.1;6.8;7.6;24.5;6.4;23;;0;0;0;328;292;;;46;833;99;4.1;0;356;0;0;-4.3
KLO;11.05.2025 00:00;15.2;22.5;5;16.9;29.4;1.3;55;8.9;962.6;1012.1;;;1012.9;3;10.5;10.8;37.8;10.2;36.7;;0;0;0;333;304;;;39;841;100;4.9;0;36;0;0;-5.3
KLO;12.05.2025 00:00;14.6;21.3;9.7;16.8;29.5;6.9;68;10.8;962.8;1012.5;;;1013.1;2.6;11.4;9.4;41;10.8;38.9;;0.7;0.7;0;284;334;;;74;515;61;4.3;0;263;0;0;-1.9
KLO;13.05.2025 00:00;14.4;20.4;8.2;15.8;29.1;2.7;66.9;10.6;965.8;1015.7;;;1016.3;1.8;7.2;6.5;25.9;7;25.2;;0;0;0;262;325;;;121;483;57;3.7;0;45;0;0;-2.5
KLO;14.05.2025 00:00;14.4;21.6;3.7;15.5;29.3;0.2;57.1;8.6;966.4;1016.3;;;1016.8;1.2;6.3;4.3;22.7;5.3;19.1;;0;0;0;342;297;;;45;841;100;4.3;0;45;0;0;-5.2
KLO;15.05.2025 00:00;14.6;22.6;5.8;15.1;32.2;0.4;54.3;8.5;964.4;1014.2;;;1014.8;3.4;12.7;12.2;45.7;12.6;45.4;;0;0;0;270;314;;;112;479;57;4.7;0;21;0;0;-3.4
KLO;16.05.2025 00:00;12.8;18.2;6;14;27.7;2.4;45.4;6.5;966.9;1017.1;;;1017.4;3.1;11.1;11.2;40;11;39.6;;0;0;0;282;303;;;79;522;61;4.3;0;39;0;0;-4.4
KLO;17.05.2025 00:00;13.5;18.9;7.6;15;30;2.6;57.6;8.5;965.8;1015.8;;;1016.2;1.5;7.3;5.4;26.3;7.1;25.6;;0;0;0;264;321;;;94;427;50;3.7;0;326;0;0;-3
KLO;18.05.2025 00:00;13.8;20.9;5.2;15.2;28.7;1.3;60.9;9.1;966.2;1016.3;;;1016.7;1.8;8.3;6.5;29.9;7.8;28.1;;0;0;0;310;307;;;82;678;79;4.2;0;293;0;0;-4
KLO;19.05.2025 00:00;16.1;23.2;4.8;18.2;32.2;0.2;56.8;9.8;966.2;1015.9;;;1016.7;2;7.9;7.2;28.4;7.8;28.1;;1.1;0;0;317;322;;;95;709;83;4.5;0;10;0;0;-4.6
KLO;20.05.2025 00:00;15.8;22.8;11.7;17.5;30.5;10.4;71.7;12.5;965.5;1015.1;;;1015.9;1.9;7.5;6.8;27;7;25.2;;9.9;6.5;0;228;359;;;157;198;23;3.8;0;284;0;0;5.3
KLO;21.05.2025 00:00;14.1;18.1;10.8;14.6;24.4;10.1;87;14;964.4;1014.3;;;1014.8;2.6;9.5;9.4;34.2;9.3;33.5;;4.2;8;0;140;362;;;121;30;3;2.2;0;193;0;0;7.7
KLO;22.05.2025 00:00;11.2;13.3;8.6;11;18.4;4.3;90.2;11.9;963.3;1013.6;;;1013.6;2.1;7.6;7.6;27.4;7.4;26.6;;4;4.7;0;92;341;;;83;62;7;1.4;0;229;8.8;0.8;4.4
KLO;23.05.2025 00:00;11.8;16.7;7.3;12.9;24;3.1;67.7;9.1;966.9;1017.3;;;1017.4;2.6;9.7;9.4;34.9;9.4;33.8;;0.1;0.1;0;278;312;;;139;450;52;3.7;0;276;8.2;0.2;-2.4
KLO;24.05.2025 00:00;12.3;17.7;6.6;15;27;4.7;59.2;8.1;969.1;1019.5;;;1019.6;2.2;8.7;7.9;31.3;8.5;30.6;;1.7;1.4;0;316;320;;;122;543;62;4.1;0;293;0;0;-2.2
KLO;25.05.2025 00:00;14.8;20;10.1;14.6;26.7;9.3;74.6;12.4;967.7;1017.6;;;1018.2;2.7;9.8;9.7;35.3;9.7;34.9;;0.2;0.4;0;123;362;;;110;18;2;2.5;0;208;0;0;-0.1
KLO;26.05.2025 00:00;14.2;17;10.2;13.8;22.3;5.2;79;12.7;970.2;1020.3;;;1020.8;2.4;10.1;8.6;36.4;9.6;34.6;;1.6;1.7;0;116;362;;;104;21;2;2;0;247;0;0;1.3
KLO;27.05.2025 00:00;14.2;18.7;9;14.5;27.7;5.6;71.9;11.3;972;1022.3;;;1022.7;1.9;8.6;6.8;31;7.7;27.7;;0;0;0;195;341;;;128;165;19;3;0;207;0;0;-1.1
KLO;28.05.2025 00:00;14.4;17.6;11;14;20.3;7.2;83.1;13.6;971.6;1021.8;;;1022.3;2.8;10.9;10.1;39.2;10.3;37.1;;9.3;9.3;0;83;361;;;78;10;1;1.7;0;227;0;0;9
KLO;29.05.2025 00:00;15.8;21.5;9.2;16.3;28.6;4.8;74.7;12.9;974.3;1024.4;;;1025.1;2;7.2;7.2;25.9;6.8;24.5;;0;0;0;268;339;;;163;330;38;3.8;0;252;0;0;-1.6
KLO;30.05.2025 00:00;18.6;27.1;8.4;20.2;35.2;3.6;66.8;13.3;972.6;1022.1;;;1023.4;1;6.1;3.6;22;5.7;20.5;;0;0;0;354;328;;;39;875;100;5.1;0.3;180;0;0;-4.6
KLO;31.05.2025 00:00;21.2;29.9;9.9;22.7;38.4;4.6;62.1;14.4;969.8;1018.7;;;1020.4;1.9;12.6;6.8;45.4;11.5;41.4;;3.4;3.3;0;349;350;;;82;818;93;5.7;2.9;259;0;0;-1.6
KLO;01.06.2025 00:00;20.3;27.8;15.5;21.1;33.5;13;76.3;17.5;967.5;1016.4;;;1018;2.5;15;9;54;14.7;52.9;;2.8;0.7;0;265;372;;;106;433;49;4.8;2;233;0;0;-1.2
KLO;02.06.2025 00:00;17.4;21.8;15.1;17.9;29.4;14.2;88.2;17.4;968;1017.4;;;1018.5;2;9.8;7.2;35.3;9.1;32.8;;8.3;9.1;0;138;383;;;115;43;5;2.5;0;241;0;0;8.8
KLO;03.06.2025 00:00;17.9;24;14;19.6;32.1;11.3;82.3;16.6;965.9;1015.1;;;1016.3;1.8;10.5;6.5;37.8;10.2;36.7;;0.4;1.4;0;227;373;;;139;210;24;3.7;0;300;0;0;0.5
KLO;04.06.2025 00:00;16.5;21.9;12.2;17.4;29.3;9;85.3;15.9;963.2;1012.6;;;1013.6;2.5;19.9;9;71.6;18.9;68;;11.3;11.4;0;163;363;;;139;38;4;2.8;0;281;0;0;11
KLO;05.06.2025 00:00;17.4;21.4;14.6;18.5;28.1;13.5;78.2;15.4;965.2;1014.5;;;1015.6;2;8.3;7.2;29.9;7.7;27.7;;0.4;0.3;0;182;371;;;148;105;12;3.1;0;190;0;0;-0.4
KLO;06.06.2025 00:00;19.1;24.6;16.2;19.6;30.2;15.1;74.3;16.2;965.8;1014.8;;;1016.3;3.5;14.1;12.6;50.8;13.5;48.6;;25.5;4.9;0;167;379;;;108;236;27;3.7;0.8;236;0;0;3.6
KLO;07.06.2025 00:00;16;19.4;14.4;16.3;26.9;13;89.7;16.3;965.6;1015.2;;;1016.1;2.3;10.1;8.3;36.4;10;36;;7.8;28.7;0;104;378;;;92;28;3;2;0;214;0;0;28.4
KLO;08.06.2025 00:00;15.3;19.4;9.4;15;22.9;3.5;71.4;12.3;969.2;1019.1;;;1019.8;3.8;16.1;13.7;58;15.7;56.5;;0;0.1;0;214;341;;;140;294;33;3.3;0;263;0;0;-1.6
KLO;09.06.2025 00:00;15.6;22.2;9.4;18;32.3;3.6;68.1;11.5;973.3;1023.3;;;1024;1.5;5.1;5.4;18.4;5;18;;0;0;0;347;316;;;103;774;87;4.8;0;323;0;0;-4.1
KLO;10.06.2025 00:00;17.2;24.7;7.8;17.6;32.3;1.5;67.9;12.8;970.1;1019.7;;;1020.7;1.9;7.3;6.8;26.3;7;25.2;;0;0;0;313;323;;;154;587;66;4.6;0;259;0;0;-3.3
KLO;11.06.2025 00:00;19.6;26.5;9.9;22.1;36.7;6.5;62.8;13.5;969.2;1018.3;;;1019.8;2;6.2;7.2;22.3;6.1;22;;0;0;0;343;335;;;75;823;93;5.3;1.3;22;0;0;-5.1
KLO;12.06.2025 00:00;21.3;29.4;12.1;24;38.6;9.4;62.9;15.4;967.8;1016.6;;;1018.4;2;6.4;7.2;23;6.2;22.3;;0;0;0;352;344;;;76;824;93;5.8;3;352;0;0;-5.1
KLO;13.06.2025 00:00;23.9;31.8;14.2;25.8;39;10.4;62.4;17.3;969.8;1018.2;;;1020.4;2.2;8;7.9;28.8;7.9;28.4;;0;0;0;337;368;;;87;815;91;6.1;5.6;27;0;0;-5.1
KLO;14.06.2025 00:00;25.2;32.2;17.3;27.2;41.4;14;57.1;17.7;970.1;1018.2;;;1020.7;2.1;7.8;7.6;28.1;7.4;26.6;;0;0;0;321;382;;;101;714;80;6.1;6.9;180;0;0;-5.2
KLO;15.06.2025 00:00;20.6;28.4;15.8;21.8;37.7;13.1;76.2;18.2;971.2;1020.2;;;1021.9;2.3;22.7;8.3;81.7;21.9;78.8;;7.9;7.9;0;229;377;;;99;375;42;4.4;2.3;232;0;0;6.1
KLO;16.06.2025 00:00;18.3;22.7;12.7;20;30.7;9.2;71.2;14.7;975.9;1025.6;;;1026.8;3.5;9.6;12.6;34.6;9.3;33.5;;0;0;0;312;347;;;129;596;67;4.7;0;45;0;0;-3.1
KLO;17.06.2025 00:00;19.6;25.5;11.3;21;33;8;61.8;13.5;973.9;1023.3;;;1024.7;3.9;13.2;14;47.5;12.7;45.7;;0;0;0;361;330;;;63;869;97;5.8;1.3;32;0;0;-5.6
KLO;18.06.2025 00:00;20.4;27.9;11.5;22.5;36.7;6.5;63.3;14.1;972.8;1021.9;;;1023.5;1.2;4.7;4.3;16.9;4.5;16.2;;0;0;0;347;338;;;81;851;95;5.3;2.1;320;0;0;-5.3
KLO;19.06.2025 00:00;22.5;28.7;12.7;24.2;36.3;8.6;60.9;15.6;972.3;1021.1;;;1023;3.1;9.1;11.2;32.8;8.9;32;;0;0;0;353;351;;;59;879;98;6.1;4.2;45;0;0;-5.7
KLO;20.06.2025 00:00;22.2;28.4;15.1;23.9;35;10.4;60;15.6;971.9;1020.7;;;1022.6;3.8;10.2;13.7;36.7;10.1;36.4;;0;0;0;354;347;;;56;871;97;6.4;3.9;35;0;0;-5.9
KLO;21.06.2025 00:00;21.5;29;12.6;22.8;38.2;7.4;60;14.7;970.6;1019.5;;;1021.3;2.2;7.5;7.9;27;7.4;26.6;;0;0;0;337;346;;;77;843;94;5.8;3.2;25;0;0;-5.7
KLO;22.06.2025 00:00;23.7;32.1;12.9;24.8;38;8.6;58.7;15.8;969;1017.3;;;1019.6;2;7.3;7.2;26.3;7.2;25.9;;0;0;0;359;357;;;49;878;98;6.3;5.4;229;0;0;-6.1
KLO;23.06.2025 00:00;23.5;28.3;15.1;23.5;33.3;10.1;61.7;17.9;966.9;1015.2;;;1017.4;3.3;16;11.9;57.6;15.6;56.2;;7.6;7.6;0;284;375;;;96;660;74;5.2;5.2;268;0;0;3.1
KLO;24.06.2025 00:00;21.9;28.5;14;22.4;35.2;9.1;63.3;16.2;967.9;1016.6;;;1018.5;2.4;9.2;8.6;33.1;9;32.4;;0;0;0;353;351;;;43;887;99;5.9;3.6;254;0;0;-5.6
KLO;25.06.2025 00:00;23.7;32.5;13.9;25.2;39.9;9.2;59.3;15.8;966.1;1014.4;;;1016.6;1.3;5.8;4.7;20.9;5.4;19.4;;4.6;0;0;349;361;;;71;866;97;6;5.4;207;0;0;-6
KLO;26.06.2025 00:00;21.1;26.2;16.7;21;32.4;13.1;76.6;18.9;969;1017.8;;;1019.6;3.3;15.4;11.9;55.4;14;50.4;;0;4.6;0;187;377;;;93;252;28;3.8;2.8;218;0;0;3.2
KLO;27.06.2025 00:00;22;28;14.9;22.9;34.9;10.8;69.3;17.8;974.5;1023.4;;;1025.3;2.4;7.6;8.6;27.4;7.3;26.3;;0;0;0;286;367;;;121;689;77;5;3.7;258;0;0;-3.8
KLO;28.06.2025 00:00;23.7;30.4;15.7;26.1;39.3;12.3;64.7;18;975.6;1024.3;;;1026.5;1.3;6.1;4.7;22;5.9;21.2;;0;0;0;341;371;;;45;866;97;5.7;5.4;338;0;0;-5.3
KLO;29.06.2025 00:00;25.8;33.3;16;27.7;41;12;58.4;18.1;972.5;1020.6;;;1023.2;2.3;7.4;8.3;26.6;6.9;24.8;;0;0;0;351;375;;;37;887;100;6.6;7.5;45;0;0;-6.3
KLO;30.06.2025 00:00;25.6;32.8;18.1;26.9;41.1;13.5;57.8;18.5;968.5;1016.5;;;1019.1;2.5;11.1;9;40;10.3;37.1;;0;0;0;307;388;;;85;565;64;6.2;7.3;81;0;0;-4.3
KLO;01.07.2025 00:00;25.8;32.1;19.8;26.9;40.1;14.8;60;19.4;967.9;1015.8;;;1018.5;2.4;10.5;8.6;37.8;10.2;36.7;;0;0;0;287;390;;;118;641;72;5.9;7.5;90;0;0;-4.6
KLO;02.07.2025 00:00;26.5;34.3;17.3;28.7;44;12.8;53.6;17.6;966.9;1014.7;;;1017.4;1.7;8.6;6.1;31;8.3;29.9;;0;0;0;342;386;;;60;832;94;6.4;8.2;146;0;0;-6.7
KLO;03.07.2025 00:00;23.4;29;17.3;25.4;41.2;13.7;67.9;19.2;972.1;1020.6;;;1022.8;2.9;13;10.4;46.8;11.5;41.4;;30.1;22.2;0;270;388;;;121;519;59;5.1;5.1;346;0;0;19
KLO;04.07.2025 00:00;22.1;27.6;16.1;24;36.9;11.8;71.9;18.5;973.5;1022.4;;;1024.3;1.7;8.1;6.1;29.2;8;28.8;;0;7.9;0;268;381;;;120;415;47;4.6;3.8;360;0;0;5.6
KLO;05.07.2025 00:00;22.1;28.6;14.3;23.1;36.9;9.4;55.5;13.8;968.2;1016.8;;;1018.8;1.8;9.4;6.5;33.8;9.3;33.5;;0;0;0;342;351;;;69;861;98;5.7;3.8;284;0;0;-6.6
KLO;06.07.2025 00:00;19.1;25.3;13.8;19.1;31.4;9.6;61.1;13;962.5;1011.4;;;1012.9;2.8;14.7;10.1;52.9;14.1;50.8;;0.5;0.5;0;196;368;;;115;264;30;4.2;0.8;253;0;0;-1.8
KLO;07.07.2025 00:00;15.3;19.5;13.6;15.2;25.9;12;85.1;14.8;959.7;1009.1;;;1009.9;3.5;15.9;12.6;57.2;15.7;56.5;;6.3;5.6;0;102;371;;;91;16;2;2.3;0;237;0;0;5.3
KLO;08.07.2025 00:00;13.3;17.6;10.6;13.9;25.7;9.2;82.2;12.5;966.2;1016.3;;;1016.7;2.9;13.2;10.4;47.5;12.4;44.6;;6.3;7;0;167;349;;;96;233;27;2.7;0;249;0;0;6
KLO;09.07.2025 00:00;15.7;21.5;10.4;17.7;31.4;6.6;66.3;11.4;971.8;1021.8;;;1022.5;1.7;5.5;6.1;19.8;5.2;18.7;;0;0;0;272;332;;;149;425;48;4.1;0;297;0;0;-2.9
KLO;10.07.2025 00:00;17.2;24;8;18.8;34.2;3.2;62.6;11.4;971.1;1020.7;;;1021.7;1.8;8.2;6.5;29.5;8;28.8;;0;0;0;343;321;;;66;839;96;4.9;0;37;0;0;-5.5
KLO;11.07.2025 00:00;19;26;9.5;20.6;38.1;4.1;61.2;12.7;967.3;1016.4;;;1017.8;1.7;6.1;6.1;22;6;21.6;;0;0;0;316;344;;;101;667;76;4.9;0.7;354;0;0;-4.7
KLO;12.07.2025 00:00;19.6;26.6;11.8;20.9;36.1;7.3;56.1;12;963.9;1012.7;;;1014.2;2.1;8.6;7.6;31;8.4;30.2;;0;0;0;339;334;;;68;835;95;5.5;1.3;304;0;0;-6.4
KLO;13.07.2025 00:00;21.7;29.2;10.6;22.5;37.8;6.1;58.7;14.6;963.6;1012;;;1013.9;2.8;11.3;10.1;40.7;10.8;38.9;;0;0;0;326;356;;;72;745;85;5.7;3.4;237;0;0;-5.5
KLO;14.07.2025 00:00;21.1;26.1;17.6;21.3;32.6;14;74;18.3;969.7;1018.6;;;1020.3;3.1;12.2;11.2;43.9;11.9;42.8;;9.1;5.1;0;195;376;;;73;364;42;4;2.8;200;0;0;3.1
KLO;15.07.2025 00:00;20.5;25.3;17;20.8;31.1;14.5;72.7;17.2;970.3;1019.3;;;1021;2.9;10.6;10.4;38.2;10;36;;4.6;8.6;0;192;382;;;113;243;28;3.9;2.2;245;0;0;7
KLO;16.07.2025 00:00;19.1;22.2;14.6;18.9;26.8;13.4;66.1;14.4;968.6;1017.7;;;1019.2;3.3;12;11.9;43.2;11.7;42.1;;12.2;8.5;0;125;383;;;120;20;2;3;0.8;254;0;0;7.8
KLO;17.07.2025 00:00;18.1;24;12.1;20.3;36.5;7.4;70.5;14;968.6;1017.9;;;1019.1;1.6;6.6;5.8;23.8;6.5;23.4;;0;3.7;0;325;340;;;88;755;87;4.7;0;262;0;0;-0.4
KLO;18.07.2025 00:00;19.7;27.5;10.3;21.7;36.3;6.4;65.2;14;965.1;1013.9;;;1015.5;1.3;5.4;4.7;19.4;5.1;18.4;;0;0;0;331;340;;;94;835;96;5;1.4;351;0;0;-5.2
KLO;19.07.2025 00:00;19.2;28.6;12.4;20;38.9;8;80.8;17.6;961.9;1010.7;;;1012.2;1.9;17.9;6.8;64.4;17;61.2;;4.3;4.3;0;208;363;;;96;404;47;3.9;0.9;283;0;0;2.7
KLO;20.07.2025 00:00;20.4;28.5;14.8;23;37.5;13.3;81.4;18.8;959.1;1007.6;;;1009.3;1.7;11.4;6.1;41;11;39.6;;21.1;16.9;0;251;387;;;116;389;45;4.3;2.1;270;0;0;15.3
KLO;21.07.2025 00:00;18.6;23.3;15.9;19.7;32.8;15.1;78.6;16.7;960.6;1009.4;;;1010.8;2.7;10.5;9.7;37.8;9.9;35.6;;5.3;7.4;0;167;371;;;74;280;33;3.2;0.3;167;0;0;6
KLO;22.07.2025 00:00;19.1;23.9;15.2;20.1;29.8;10.9;69.4;14.9;965.8;1014.8;;;1016.2;3.2;11;11.5;39.6;10.7;38.5;;0;2.1;0;265;366;;;114;441;51;4.6;0.8;257;0;0;-0.6
KLO;23.07.2025 00:00;19.3;24.8;12.4;21.3;36.3;8.7;68.2;14.6;964.8;1013.7;;;1015.2;1.7;8.5;6.1;30.6;8.4;30.2;;11.6;4.9;0;298;358;;;104;523;61;4.5;1;297;0;0;1.8
KLO;24.07.2025 00:00;17.6;21.2;14.9;18.3;28;13.6;84.6;16.8;964.9;1014.2;;;1015.3;1.9;6.9;6.8;24.8;6.8;24.5;;3.8;10.4;0;135;380;;;122;20;2;2.4;0;214;0;0;10
KLO;25.07.2025 00:00;17.1;21.8;14.4;18.9;34.6;12.6;83.4;16;966.7;1016.1;;;1017.2;1.8;8;6.5;28.8;7.8;28.1;;2.5;2.6;0;190;364;;;93;309;36;3.1;0;5;0;0;1.4
KLO;26.07.2025 00:00;16.9;22.7;14.4;17.9;32.9;12.4;88;16.8;966.7;1016.2;;;1017.2;1.7;10.5;6.1;37.8;10.1;36.4;;27.7;27.7;0;127;377;;;105;46;5;2.4;0;284;0;0;27.4
KLO;27.07.2025 00:00;17.2;22.1;14.4;17.4;28;12.5;87.1;17;965.1;1014.4;;;1015.5;2.3;13.6;8.3;49;12.9;46.4;;14.7;12.9;0;135;377;;;105;74;9;2.5;0;202;0;0;12.5
KLO;28.07.2025 00:00;14.9;16.4;13.8;14.9;19.4;12.8;90.9;15.4;966.7;1016.5;;;1017.2;2.4;9.9;8.6;35.6;9.5;34.2;;10.6;11.5;0;86;373;;;83;0;0;1.5;0;238;0;0;11.3
KLO;29.07.2025 00:00;16.4;21.2;12.3;17.7;32.3;7.2;77.3;14.1;969.6;1019.3;;;1020.2;2.3;7.7;8.3;27.7;7.4;26.6;;0;0.9;0;245;347;;;122;384;46;3.6;0;191;0;0;-0.9
KLO;30.07.2025 00:00;16;22.4;9.9;16.1;30.1;4.9;79.8;14.3;969;1018.8;;;1019.6;2.3;10.5;8.3;37.8;10;36;;2;1.1;0;167;354;;;138;128;15;2.8;0;219;0;0;0.3
KLO;31.07.2025 00:00;17.8;22.9;13.9;18.3;29.6;9.9;79.6;15.9;968.8;1018.2;;;1019.3;2.1;6.6;7.6;23.8;6.5;23.4;;0;0.9;0;167;365;;;107;266;32;3;0;209;0;0;-0.3
KLO;01.08.2025 00:00;18.8;24.6;14.5;19.8;31.9;12.6;76.7;16.2;964.3;1013.3;;;1014.7;2.9;14.4;10.4;51.8;13.9;50;;16.5;1.4;0;226;370;;;98;301;36;3.9;0.5;219;0;0;-0.1
KLO;02.08.2025 00:00;14.9;17.9;11.9;15;23;7.8;87.9;14.8;965.6;1015.3;;;1016;2.4;9.7;8.6;34.9;9.2;33.1;;3;18.1;0;134;360;;;111;65;8;2;0;228;0;0;17.7
KLO;03.08.2025 00:00;16.4;20.7;12.7;18;30.3;10.2;78.1;14.2;970.9;1020.6;;;1021.5;1.4;6.1;5;22;5.6;20.2;;0;0;0;184;361;;;136;132;16;2.9;0;292;0;0;-0.9
KLO;04.08.2025 00:00;17.8;24;12.5;18.3;31;9.9;77.1;15.4;972.2;1021.8;;;1022.9;1.7;5.6;6.1;20.2;5.3;19.1;;0.1;0.1;0;186;359;;;133;250;30;3.1;0;193;0;0;-1.2
KLO;05.08.2025 00:00;19.4;27.6;12.2;19.8;34.7;9.2;72.2;15.8;971.3;1020.5;;;1022;2.6;12.5;9.4;45;11.6;41.8;;0;0;0;221;361;;;138;275;33;4.1;1.1;274;0;0;-1.6
KLO;06.08.2025 00:00;17.3;23.1;11.4;18.9;29.6;8;68.4;13.2;972.9;1022.6;;;1023.6;3.3;10.2;11.9;36.7;10;36;;0;0;0;281;330;;;119;638;78;4.4;0;26;0;0;-3.6
KLO;07.08.2025 00:00;19.5;28.1;10.4;20.8;34;6.9;68.7;14.7;969.9;1019;;;1020.5;1.6;9;5.8;32.4;8.4;30.2;;0;0;0;300;343;;;61;702;86;4.6;1.2;276;0;0;-3.8
KLO;08.08.2025 00:00;22.2;30.6;12.5;23.3;37.2;8.2;67.2;16.8;970.6;1019.3;;;1021.3;1.5;8;5.4;28.8;7.5;27;;0;0;0;302;357;;;43;808;99;4.9;3.9;270;0;0;-4.5
KLO;09.08.2025 00:00;23.7;33.2;13.8;25.3;40.8;10.3;68;18.8;971.3;1019.8;;;1022;1.3;6.7;4.7;24.1;6.5;23.4;;0;0;0;297;370;;;50;806;99;5.1;5.4;281;0;0;-4.3
KLO;10.08.2025 00:00;23.5;30;16.6;25.9;39.2;14.1;64.6;18.1;974.1;1022.7;;;1024.9;2.2;9.9;7.9;35.6;9.8;35.3;;0;0;0;292;370;;;45;748;92;5.2;5.2;16;0;0;-4.4
KLO;11.08.2025 00:00;22.5;29.2;14.1;24.1;35.2;10.7;62.9;17;971.1;1019.7;;;1021.8;3.1;9;11.2;32.4;8.9;32;;0;0;0;297;360;;;48;796;98;5.3;4.2;23;0;0;-4.9
KLO;12.08.2025 00:00;24.6;32.7;15.4;25.6;38;12.7;67.9;20.2;968.2;1016.4;;;1018.8;1.6;5.9;5.8;21.2;5.6;20.2;;0;0;0;290;374;;;62;760;94;5.1;6.3;214;0;0;-4.1
KLO;13.08.2025 00:00;24.7;33.8;16.6;25.3;41;12.8;63.9;18.2;967.9;1016.1;;;1018.5;1.1;4.7;4;16.9;4.6;16.6;;0;0;0;281;370;;;85;734;91;4.9;6.4;90;0;0;-4.4
KLO;14.08.2025 00:00;24.9;31.8;16.8;25.9;39.8;14;62.4;18.8;969.5;1017.7;;;1020.1;1.8;8.3;6.5;29.9;7.8;28.1;;0;0;0;281;377;;;73;728;90;5;6.6;74;0;0;-4.5
KLO;15.08.2025 00:00;22.9;32.1;17;23.9;40.3;13.7;74.6;20.1;971.3;1019.9;;;1022;1.3;12.4;4.7;44.6;12.1;43.6;;0;0;0;223;382;;;65;518;65;4.1;4.6;297;0;0;-2.4
KLO;16.08.2025 00:00;22.9;29.7;16.8;24.1;37.9;13.9;74.5;20.3;969.8;1018.3;;;1020.4;2.1;8.9;7.6;32;8.7;31.3;;0;0;0;218;384;;;92;512;64;4.1;4.6;9;0;0;-2.3
KLO;17.08.2025 00:00;20.7;26;15.1;22.5;35.7;12.6;70.6;16.9;968.5;1017.4;;;1019.1;2.8;7.2;10.1;25.9;7;25.2;;0;0;0;253;362;;;97;504;63;4.2;2.4;12;0;0;-2.6
KLO;18.08.2025 00:00;19.9;26.8;12.6;21.4;34.8;7.6;66.6;14.9;967.1;1016;;;1017.6;2.8;7.3;10.1;26.3;7;25.2;;0;0;0;290;338;;;42;788;99;4.7;1.6;9;0;0;-4.2
KLO;19.08.2025 00:00;21.4;29.4;12.4;22.6;37.2;8.6;64.4;15.7;964;1012.5;;;1014.4;1.7;8;6.1;28.8;7.4;26.6;;1.8;0;0;277;357;;;55;698;88;4.5;3.1;287;0;0;-4
KLO;20.08.2025 00:00;19.4;22.7;16.9;19.7;31;16.3;85;19;960.7;1009.4;;;1011;2.3;8.7;8.3;31.3;8.6;31;;27.5;12.9;0;118;388;;;100;48;6;2.2;1.1;297;0;0;12.5
KLO;21.08.2025 00:00;16.6;18.4;15.6;16.1;18.8;14.9;92;17.3;960.7;1009.9;;;1010.9;2.4;7.8;8.6;28.1;7.5;27;;14.1;30.5;0;47;385;;;46;0;0;1.2;0;251;0;0;30.3
KLO;22.08.2025 00:00;18.4;23.6;15.1;20.4;34.3;13;75.8;15.8;966.7;1015.8;;;1017.2;2.3;6.8;8.3;24.5;6.4;23;;0;0;0;241;365;;;103;426;54;3.8;0.1;330;0;0;-1.8
KLO;23.08.2025 00:00;15.8;20.5;11.7;16.9;30.9;9.1;67.4;11.8;968.8;1018.6;;;1019.4;2;5.8;7.2;20.9;5.5;19.8;;0;0;0;201;343;;;131;276;35;3.1;0;317;0;0;-1.8
KLO;24.08.2025 00:00;15.8;22.6;9.5;17.5;32.7;4.8;70.8;12.2;968.9;1018.7;;;1019.5;1.7;6.8;6.1;24.5;6.5;23.4;;0;0;0;271;319;;;62;703;90;3.7;0;11;0;0;-3.3
KLO;25.08.2025 00:00;16.7;25.6;8.2;17.4;33.7;2.3;73.1;13.3;968.1;1017.6;;;1018.6;1.1;7.8;4;28.1;7.3;26.3;;0;0;0;273;322;;;41;752;96;3.7;0;321;0;0;-3.2
KLO;26.08.2025 00:00;20.3;28.9;10.4;20.5;32.2;5.7;68.6;15.3;965;1013.8;;;1015.5;2.2;14.5;7.9;52.2;13.7;49.3;;2.3;1;0;262;353;;;53;672;86;4.3;2;234;0;0;-2.3
KLO;27.08.2025 00:00;20.7;27;15.7;21.4;36;13.4;80.1;19.2;962.7;1011.3;;;1013.1;1.9;10.8;6.8;38.9;10.5;37.8;;2.5;1.4;0;196;379;;;92;374;48;3.3;2.4;207;0;0;0
KLO;28.08.2025 00:00;17.5;19.1;15.3;16.8;19.9;12.9;88.9;17.8;959.4;1008.4;;;1009.6;2.2;10.9;7.9;39.2;10.3;37.1;;14.3;14.5;0;55;380;;;54;0;0;1.2;0;214;0;0;14.3
KLO;29.08.2025 00:00;17.3;22.3;13.4;18.9;32.4;9.6;73.6;14.1;957.9;1006.8;;;1008;2.2;7.9;7.9;28.4;7.7;27.7;;0.8;2.7;0;237;351;;;71;506;66;3.5;0;189;0;0;0.5
KLO;30.08.2025 00:00;16.1;20.1;11.1;16.1;27.1;7.8;77.9;14.1;963;1012.4;;;1013.3;2.9;10;10.4;36;9.4;33.8;;0;0.3;0;184;348;;;98;266;35;2.7;0;239;0;0;-0.8
KLO;31.08.2025 00:00;17.1;24.4;9.1;18.6;33.4;5.6;74.3;13.9;962.8;1012;;;1013.1;1.4;6.2;5;22.3;6.1;22;;0;0;0;256;332;;;31;757;99;3.4;0;63;0;0;-2.9
KLO;01.09.2025 00:00;16.6;20.4;13.1;16.8;29.1;10.7;82.7;15.5;962.1;1011.3;;;1012.3;2.2;17.9;7.9;64.4;16.7;60.1;;8.4;8.4;0;90;373;;;77;28;4;1.8;0;264;0;0;8
KLO;02.09.2025 00:00;15.8;20.1;12.4;16.1;29.1;8.8;79.1;13.9;964.2;1013.8;;;1014.6;2.1;8.5;7.6;30.6;8.3;29.9;;0;0;0;188;339;;;94;338;45;2.7;0;204;0;0;-1.3
KLO;03.09.2025 00:00;18.2;24.7;12.9;18.8;31.7;10.1;70;14.2;965;1014.2;;;1015.5;2.1;8.3;7.6;29.9;7.7;27.7;;8.9;0;0;208;350;;;81;403;54;3.4;0;172;0;0;-2
KLO;04.09.2025 00:00;17.1;23.1;13.4;17.2;30.9;10.8;88.9;17.3;966.7;1016.1;;;1017.2;2.5;20.3;9;73.1;19.2;69.1;;22.4;30.1;0;99;373;;;83;48;6;2;0;225;0;0;29.8
